<beans xmlns="http://www.springframework.org/schema/beans"
    xmlns:context="http://www.springframework.org/schema/context"
    xmlns:xsi="http://www.w3.org/2001/XMLSchema-instance" 
    xmlns:mvc="http://www.springframework.org/schema/mvc"
    xmlns:task="http://www.springframework.org/schema/task"
    xsi:schemaLocation="
        http://www.springframework.org/schema/beans     
        http://www.springframework.org/schema/beans/spring-beans.xsd
        http://www.springframework.org/schema/context 
        http://www.springframework.org/schema/context/spring-context.xsd
        http://www.springframework.org/schema/mvc
        http://www.springframework.org/schema/mvc/spring-mvc.xsd
        http://www.springframework.org/schema/task
        http://www.springframework.org/schema/task/spring-task.xsd
        ">

	<context:component-scan base-package="com.sab2i.*" />
	<mvc:resources mapping="/resources/js/**" location="/resources/js/" />
    <mvc:resources mapping="/resources/css/**" location="/resources/css/" />
     <mvc:resources mapping="/resources/images/**" location="/resources/images/" />
     <mvc:resources mapping="/resources/styles/**" location="/resources/styles/" />
     
     <mvc:resources mapping="/js/**" location="/resources/js/" />
     <mvc:resources mapping="/styles/**" location="/resources/styles/" />
      <mvc:resources mapping="/css/**" location="/resources/css/" />
     <mvc:resources mapping="/images/**" location="/resources/images/" />
     <mvc:resources mapping="/templates/**" location="/resources/templates/" />
     <mvc:resources mapping="/assets/**" location="/resources/assets/" />
     
    <mvc:annotation-driven/>
    
    <import resource="classpath*:properties/DataSource.xml"/>

	<bean
		class="org.springframework.web.servlet.view.InternalResourceViewResolver">
		<property name="prefix">
			<value>/jsp/</value>
		</property>
		<property name="suffix">
			<value>.jsp</value>
		</property>
	</bean>
	
	<!-- Language -->
	<bean id="localeResolver"
		class="org.springframework.web.servlet.i18n.SessionLocaleResolver">
		<property name="defaultLocale" value="en" />
	</bean>

	<bean id="localeChangeInterceptor"
		class="org.springframework.web.servlet.i18n.LocaleChangeInterceptor">
		<property name="paramName" value="language" />
	</bean>
	<bean class="org.springframework.web.servlet.mvc.support.ControllerClassNameHandlerMapping" >
		<property name="interceptors">
			<list>
				<ref bean="localeChangeInterceptor" />
			</list>
		</property>
	</bean>
	<bean id="messageSource"
		class="org.springframework.context.support.ResourceBundleMessageSource">
		<property name="basename" value="com.example.i18n.text" />
	</bean>
	
	
	<bean id="multipartResolver"
		class="org.springframework.web.multipart.commons.CommonsMultipartResolver" />
	
	
	<!-- <bean id="webProperties"
      class="org.springframework.beans.factory.config.PropertiesFactoryBean">
  <property name="locations">
    <list>
      <value>classpath*:properties/web.properties</value>
    </list>
  </property>
</bean> -->
<mvc:interceptors>
            <mvc:interceptor>
      <mvc:mapping path="/**" />
       <mvc:exclude-mapping path="/login" />
       <mvc:exclude-mapping path="/admin" />
       <mvc:exclude-mapping path="/signin" />
       		
       		<mvc:exclude-mapping path="/styles/**" />
            <mvc:exclude-mapping path="/assets/**" />
            <mvc:exclude-mapping path="/css/**" />
            <mvc:exclude-mapping path="/js/**" />
            <mvc:exclude-mapping path="/Templates/**" />
            <mvc:exclude-mapping path="/images/**" />
            <mvc:exclude-mapping path="/resources/**" />
            
    <bean class="com.sab2i.controller.filters.AuthenticationInterceptor">
    </bean>
     </mvc:interceptor>
   </mvc:interceptors>
   
   
  <task:scheduled-tasks scheduler="cancelResrvationScheduler">
        <task:scheduled ref="reservationCancellation" method="cancelReservation" fixed-delay="${reservation.cancel.time}" />
    </task:scheduled-tasks>
 
    <task:scheduler id="cancelResrvationScheduler"/>
  
</beans>